index	A	B	C	D	E	F
A	0.0000000	1.4230670	1.2464736	2.4829678	1.6023069	0.7448415
B	1.4230670	0.0000000	1.8985344	3.1350286	2.2543677	1.9430337
C	1.2464736	1.8985344	0.0000000	1.4820114	0.6013505	1.7664403
D	2.4829678	3.1350286	1.4820114	0.0000000	1.2678046	3.0029345
E	1.6023069	2.2543677	0.6013505	1.2678046	0.0000000	2.1222736
F	0.7448415	1.9430337	1.7664403	3.0029345	2.1222736	0.0000000